"log_id","user_id","action_id","server_response","action_time"
"1","1","2","success","2025-04-20 21:24:00"
"2","1","2","success","2025-04-20 11:24:00"
"3","6","2","success","2025-04-20 15:24:00"
"4","3","2","success","2025-04-20 17:24:00"
"5","1","2","success","2025-04-20 13:24:00"
"6","6","2","success","2025-04-20 14:24:00"
"7","5","3","success","2025-04-21 03:24:00"
"8","2","3","success","2025-04-21 08:24:00"
"9","1","3","success","2025-04-20 23:24:00"
"10","3","3","success","2025-04-20 22:24:00"
"11","2","3","success","2025-04-21 04:24:00"
"12","3","4","success","2025-04-21 02:24:00"
"13","6","4","success","2025-04-20 17:24:00"
"14","5","4","success","2025-04-20 12:24:00"
"15","6","4","success","2025-04-20 20:24:00"
"16","3","4","success","2025-04-20 21:24:00"
"17","2","4","success","2025-04-21 00:24:00"
"18","3","4","success","2025-04-21 09:24:00"
"19","5","4","success","2025-04-20 13:24:00"
"20","1","4","success","2025-04-21 09:24:00"
"21","NULL","5","error","2025-04-20 23:24:00"
"22","NULL","5","error","2025-04-21 01:24:00"
"23","2","5","success","2025-04-21 04:24:00"
"24","5","5","success","2025-04-20 22:24:00"
"25","3","5","success","2025-04-20 19:24:00"
"26","5","5","success","2025-04-20 12:24:00"
"27","1","5","success","2025-04-20 19:24:00"
"28","4","5","success","2025-04-21 01:24:00"
"29","4","6","success","2025-04-20 23:24:00"
"30","6","6","success","2025-04-20 17:24:00"
"31","3","6","success","2025-04-20 17:24:00"
"32","6","6","success","2025-04-20 17:24:00"
"33","3","6","success","2025-04-21 08:24:00"
"34","2","7","success","2025-04-21 01:24:00"
"35","2","7","success","2025-04-20 11:24:00"
"36","4","7","success","2025-04-21 03:24:00"
"37","5","7","success","2025-04-21 08:24:00"
"38","2","7","success","2025-04-20 18:24:00"
"39","6","7","success","2025-04-21 08:24:00"
"40","4","7","success","2025-04-20 14:24:00"
"41","1","7","success","2025-04-21 02:24:00"
"42","6","8","success","2025-04-20 12:24:00"
"43","NULL","8","success","2025-04-21 00:24:00"
"44","3","8","success","2025-04-20 22:24:00"
"45","NULL","8","success","2025-04-20 23:24:00"
"46","NULL","8","success","2025-04-21 03:24:00"
"47","NULL","1","success","2025-04-21 09:24:00"
"48","NULL","1","success","2025-04-20 21:24:00"
"49","NULL","1","success","2025-04-20 19:24:00"
"50","NULL","1","success","2025-04-20 21:24:00"
"51","NULL","1","success","2025-04-20 13:24:00"
"52","NULL","1","success","2025-04-20 13:24:00"
"53","1","2","success","2025-04-20 04:24:00"
"54","3","2","success","2025-04-20 06:24:00"
"55","6","2","success","2025-04-20 07:24:00"
"56","5","2","success","2025-04-19 12:24:00"
"57","6","2","success","2025-04-20 02:24:00"
"58","3","2","success","2025-04-20 10:24:00"
"59","6","3","success","2025-04-20 00:24:00"
"60","6","3","success","2025-04-20 09:24:00"
"61","1","3","success","2025-04-19 15:24:00"
"62","5","3","success","2025-04-19 18:24:00"
"63","2","3","success","2025-04-20 00:24:00"
"64","6","3","success","2025-04-19 15:24:00"
"65","6","3","success","2025-04-19 18:24:00"
"66","4","3","success","2025-04-20 09:24:00"
"67","5","4","success","2025-04-20 00:24:00"
"68","3","4","success","2025-04-20 02:24:00"
"69","5","4","success","2025-04-20 07:24:00"
"70","1","4","success","2025-04-20 08:24:00"
"71","2","4","success","2025-04-19 23:24:00"
"72","NULL","5","error","2025-04-20 08:24:00"
"73","NULL","5","error","2025-04-20 06:24:00"
"74","6","5","success","2025-04-20 06:24:00"
"75","4","5","success","2025-04-19 13:24:00"
"76","1","5","success","2025-04-20 04:24:00"
"77","NULL","5","error","2025-04-20 05:24:00"
"78","3","5","success","2025-04-20 05:24:00"
"79","1","5","success","2025-04-20 08:24:00"
"80","NULL","5","error","2025-04-19 13:24:00"
"81","2","6","success","2025-04-19 20:24:00"
"82","2","6","success","2025-04-19 15:24:00"
"83","1","6","success","2025-04-20 04:24:00"
"84","4","6","success","2025-04-20 03:24:00"
"85","4","6","success","2025-04-19 15:24:00"
"86","1","6","success","2025-04-19 22:24:00"
"87","3","6","success","2025-04-20 04:24:00"
"88","3","6","success","2025-04-20 06:24:00"
"89","6","6","success","2025-04-19 17:24:00"
"90","4","7","success","2025-04-19 23:24:00"
"91","6","7","success","2025-04-20 06:24:00"
"92","4","7","success","2025-04-19 15:24:00"
"93","2","7","success","2025-04-20 06:24:00"
"94","3","7","success","2025-04-19 19:24:00"
"95","4","7","success","2025-04-20 04:24:00"
"96","1","7","success","2025-04-19 14:24:00"
"97","6","8","success","2025-04-20 10:24:00"
"98","NULL","8","success","2025-04-19 14:24:00"
"99","3","8","success","2025-04-20 04:24:00"
"100","NULL","8","success","2025-04-19 13:24:00"
"101","6","8","success","2025-04-20 05:24:00"
"102","NULL","8","success","2025-04-20 09:24:00"
"103","2","8","success","2025-04-19 15:24:00"
"104","NULL","1","success","2025-04-19 11:24:00"
"105","NULL","1","success","2025-04-19 14:24:00"
"106","NULL","1","success","2025-04-20 02:24:00"
"107","NULL","1","success","2025-04-20 05:24:00"
"108","NULL","1","success","2025-04-20 08:24:00"
"109","1","2","success","2025-04-18 13:24:00"
"110","2","2","success","2025-04-18 13:24:00"
"111","4","2","success","2025-04-19 05:24:00"
"112","1","2","success","2025-04-18 11:24:00"
"113","6","2","success","2025-04-18 20:24:00"
"114","3","2","success","2025-04-18 23:24:00"
"115","6","3","success","2025-04-19 09:24:00"
"116","1","3","success","2025-04-19 01:24:00"
"117","5","3","success","2025-04-19 09:24:00"
"118","4","3","success","2025-04-19 06:24:00"
"119","4","3","success","2025-04-18 20:24:00"
"120","2","3","success","2025-04-18 13:24:00"
"121","5","3","success","2025-04-18 15:24:00"
"122","2","4","success","2025-04-19 10:24:00"
"123","2","4","success","2025-04-18 13:24:00"
"124","6","4","success","2025-04-18 14:24:00"
"125","6","4","success","2025-04-18 16:24:00"
"126","2","4","success","2025-04-19 04:24:00"
"127","6","4","success","2025-04-18 18:24:00"
"128","5","4","success","2025-04-18 15:24:00"
"129","3","4","success","2025-04-19 08:24:00"
"130","NULL","5","error","2025-04-18 17:24:00"
"131","NULL","5","error","2025-04-18 19:24:00"
"132","3","5","success","2025-04-18 20:24:00"
"133","2","5","success","2025-04-18 13:24:00"
"134","2","5","success","2025-04-18 16:24:00"
"135","4","5","success","2025-04-18 16:24:00"
"136","1","5","success","2025-04-19 03:24:00"
"137","NULL","5","error","2025-04-18 14:24:00"
"138","1","5","success","2025-04-18 13:24:00"
"139","6","6","success","2025-04-19 03:24:00"
"140","4","6","success","2025-04-18 22:24:00"
"141","6","6","success","2025-04-18 20:24:00"
"142","1","6","success","2025-04-19 06:24:00"
"143","2","6","success","2025-04-19 02:24:00"
"144","3","7","success","2025-04-19 04:24:00"
"145","3","7","success","2025-04-19 08:24:00"
"146","3","7","success","2025-04-18 12:24:00"
"147","1","7","success","2025-04-18 12:24:00"
"148","2","7","success","2025-04-19 05:24:00"
"149","3","7","success","2025-04-18 23:24:00"
"150","4","7","success","2025-04-19 08:24:00"
"151","2","8","success","2025-04-18 14:24:00"
"152","NULL","8","success","2025-04-18 17:24:00"
"153","1","8","success","2025-04-19 02:24:00"
"154","5","8","success","2025-04-18 12:24:00"
"155","3","8","success","2025-04-18 22:24:00"
"156","NULL","1","success","2025-04-19 04:24:00"
"157","NULL","1","success","2025-04-19 02:24:00"
"158","NULL","1","success","2025-04-18 11:24:00"
"159","NULL","1","success","2025-04-18 13:24:00"
"160","NULL","1","success","2025-04-18 19:24:00"
"161","5","2","success","2025-04-18 03:24:00"
"162","4","2","success","2025-04-17 22:24:00"
"163","5","2","success","2025-04-17 21:24:00"
"164","6","2","success","2025-04-17 22:24:00"
"165","3","2","success","2025-04-18 03:24:00"
"166","2","2","success","2025-04-17 12:24:00"
"167","4","2","success","2025-04-17 23:24:00"
"168","2","3","success","2025-04-17 22:24:00"
"169","4","3","success","2025-04-17 17:24:00"
"170","5","3","success","2025-04-18 02:24:00"
"171","2","3","success","2025-04-17 20:24:00"
"172","1","3","success","2025-04-18 01:24:00"
"173","3","3","success","2025-04-18 02:24:00"
"174","6","3","success","2025-04-17 18:24:00"
"175","6","3","success","2025-04-17 23:24:00"
"176","6","3","success","2025-04-17 17:24:00"
"177","6","4","success","2025-04-18 04:24:00"
"178","5","4","success","2025-04-18 04:24:00"
"179","2","4","success","2025-04-17 19:24:00"
"180","6","4","success","2025-04-17 16:24:00"
"181","4","4","success","2025-04-17 13:24:00"
"182","5","4","success","2025-04-17 19:24:00"
"183","NULL","5","error","2025-04-18 06:24:00"
"184","NULL","5","error","2025-04-17 20:24:00"
"185","4","5","success","2025-04-17 20:24:00"
"186","NULL","5","error","2025-04-17 18:24:00"
"187","3","5","success","2025-04-17 19:24:00"
"188","1","5","success","2025-04-18 10:24:00"
"189","1","5","success","2025-04-17 15:24:00"
"190","6","6","success","2025-04-17 18:24:00"
"191","5","6","success","2025-04-18 01:24:00"
"192","6","6","success","2025-04-18 02:24:00"
"193","4","6","success","2025-04-17 15:24:00"
"194","6","6","success","2025-04-17 19:24:00"
"195","5","6","success","2025-04-18 03:24:00"
"196","2","6","success","2025-04-17 21:24:00"
"197","6","7","success","2025-04-18 01:24:00"
"198","3","7","success","2025-04-17 20:24:00"
"199","5","7","success","2025-04-17 20:24:00"
"200","5","7","success","2025-04-18 05:24:00"
"201","3","7","success","2025-04-18 09:24:00"
"202","3","7","success","2025-04-17 19:24:00"
"203","5","8","success","2025-04-17 23:24:00"
"204","NULL","8","success","2025-04-18 09:24:00"
"205","NULL","8","success","2025-04-17 16:24:00"
"206","6","8","success","2025-04-18 06:24:00"
"207","3","8","success","2025-04-17 13:24:00"
"208","NULL","8","success","2025-04-17 18:24:00"
"209","1","8","success","2025-04-18 04:24:00"
"210","NULL","1","success","2025-04-18 01:24:00"
"211","NULL","1","success","2025-04-18 07:24:00"
"212","NULL","1","success","2025-04-18 00:24:00"
"213","NULL","1","success","2025-04-17 15:24:00"
"214","NULL","1","success","2025-04-17 15:24:00"
"215","NULL","1","success","2025-04-17 18:24:00"
"216","1","2","success","2025-04-16 18:24:00"
"217","3","2","success","2025-04-17 07:24:00"
"218","3","2","success","2025-04-16 16:24:00"
"219","6","2","success","2025-04-17 05:24:00"
"220","2","2","success","2025-04-16 17:24:00"
"221","3","2","success","2025-04-17 08:24:00"
"222","4","2","success","2025-04-16 13:24:00"
"223","5","2","success","2025-04-16 22:24:00"
"224","1","2","success","2025-04-17 08:24:00"
"225","6","3","success","2025-04-17 04:24:00"
"226","5","3","success","2025-04-17 04:24:00"
"227","3","3","success","2025-04-16 23:24:00"
"228","4","3","success","2025-04-16 18:24:00"
"229","5","3","success","2025-04-17 09:24:00"
"230","3","3","success","2025-04-16 15:24:00"
"231","5","4","success","2025-04-16 23:24:00"
"232","4","4","success","2025-04-17 10:24:00"
"233","3","4","success","2025-04-16 18:24:00"
"234","1","4","success","2025-04-17 03:24:00"
"235","2","4","success","2025-04-17 07:24:00"
"236","5","4","success","2025-04-16 21:24:00"
"237","5","4","success","2025-04-16 18:24:00"
"238","3","4","success","2025-04-16 15:24:00"
"239","NULL","5","error","2025-04-16 20:24:00"
"240","NULL","5","error","2025-04-16 15:24:00"
"241","3","5","success","2025-04-17 03:24:00"
"242","1","5","success","2025-04-16 21:24:00"
"243","NULL","5","error","2025-04-16 17:24:00"
"244","1","5","success","2025-04-17 05:24:00"
"245","5","5","success","2025-04-16 17:24:00"
"246","2","6","success","2025-04-17 04:24:01"
"247","6","6","success","2025-04-17 10:24:01"
"248","3","6","success","2025-04-16 18:24:01"
"249","2","6","success","2025-04-16 16:24:01"
"250","3","6","success","2025-04-16 21:24:01"
"251","6","6","success","2025-04-16 19:24:01"
"252","5","7","success","2025-04-16 16:24:01"
"253","3","7","success","2025-04-17 07:24:01"
"254","6","7","success","2025-04-16 14:24:01"
"255","6","7","success","2025-04-17 06:24:01"
"256","3","7","success","2025-04-16 11:24:01"
"257","4","7","success","2025-04-17 07:24:01"
"258","4","7","success","2025-04-16 17:24:01"
"259","4","7","success","2025-04-16 12:24:01"
"260","3","7","success","2025-04-16 18:24:01"
"261","5","8","success","2025-04-17 07:24:01"
"262","NULL","8","success","2025-04-16 20:24:01"
"263","NULL","8","success","2025-04-16 22:24:01"
"264","NULL","8","success","2025-04-17 05:24:01"
"265","3","8","success","2025-04-17 01:24:01"
"266","NULL","1","success","2025-04-16 18:24:01"
"267","NULL","1","success","2025-04-17 01:24:01"
"268","NULL","1","success","2025-04-16 13:24:01"
"269","NULL","1","success","2025-04-17 02:24:01"
"270","NULL","1","success","2025-04-17 10:24:01"
"271","NULL","1","success","2025-04-17 09:24:01"
"272","4","2","success","2025-04-15 21:24:01"
"273","2","2","success","2025-04-15 15:24:01"
"274","6","2","success","2025-04-15 11:24:01"
"275","3","2","success","2025-04-16 06:24:01"
"276","6","2","success","2025-04-15 16:24:01"
"277","2","2","success","2025-04-16 01:24:01"
"278","2","2","success","2025-04-16 05:24:01"
"279","1","2","success","2025-04-16 02:24:01"
"280","2","2","success","2025-04-15 15:24:01"
"281","4","3","success","2025-04-16 08:24:01"
"282","6","3","success","2025-04-15 15:24:01"
"283","6","3","success","2025-04-15 21:24:01"
"284","1","3","success","2025-04-15 20:24:01"
"285","3","3","success","2025-04-15 19:24:01"
"286","2","3","success","2025-04-15 14:24:01"
"287","5","4","success","2025-04-16 04:24:01"
"288","2","4","success","2025-04-15 19:24:01"
"289","6","4","success","2025-04-15 19:24:01"
"290","1","4","success","2025-04-16 02:24:01"
"291","5","4","success","2025-04-15 16:24:01"
"292","NULL","5","error","2025-04-16 06:24:01"
"293","NULL","5","error","2025-04-16 03:24:01"
"294","3","5","success","2025-04-16 02:24:01"
"295","2","5","success","2025-04-15 21:24:01"
"296","6","5","success","2025-04-16 06:24:01"
"297","6","5","success","2025-04-15 23:24:01"
"298","NULL","5","error","2025-04-16 05:24:01"
"299","1","6","success","2025-04-15 22:24:01"
"300","1","6","success","2025-04-15 15:24:01"
"301","3","6","success","2025-04-16 00:24:01"
"302","4","6","success","2025-04-15 20:24:01"
"303","2","6","success","2025-04-16 03:24:01"
"304","5","6","success","2025-04-15 14:24:01"
"305","1","6","success","2025-04-16 10:24:01"
"306","5","6","success","2025-04-15 11:24:01"
"307","1","7","success","2025-04-15 19:24:01"
"308","4","7","success","2025-04-16 07:24:01"
"309","4","7","success","2025-04-15 17:24:01"
"310","4","7","success","2025-04-15 19:24:01"
"311","5","7","success","2025-04-16 10:24:01"
"312","4","7","success","2025-04-16 05:24:01"
"313","2","7","success","2025-04-15 15:24:01"
"314","6","7","success","2025-04-15 18:24:01"
"315","NULL","8","success","2025-04-15 14:24:01"
"316","NULL","8","success","2025-04-15 18:24:01"
"317","6","8","success","2025-04-16 00:24:01"
"318","NULL","8","success","2025-04-16 00:24:01"
"319","NULL","8","success","2025-04-15 21:24:01"
"320","NULL","8","success","2025-04-15 15:24:01"
"321","2","8","success","2025-04-15 23:24:01"
"322","1","8","success","2025-04-16 06:24:01"
"323","NULL","1","success","2025-04-15 19:24:01"
"324","NULL","1","success","2025-04-15 21:24:01"
"325","NULL","1","success","2025-04-15 14:24:01"
"326","NULL","1","success","2025-04-15 20:24:01"
"327","NULL","1","success","2025-04-15 22:24:01"
"328","NULL","1","success","2025-04-15 18:24:01"
"329","NULL","1","success","2025-04-15 14:24:01"
"330","5","2","success","2025-04-15 06:24:01"
"331","1","2","success","2025-04-15 00:24:01"
"332","5","2","success","2025-04-15 07:24:01"
"333","1","2","success","2025-04-14 16:24:01"
"334","5","2","success","2025-04-15 04:24:01"
"335","4","2","success","2025-04-15 01:24:01"
"336","2","2","success","2025-04-15 03:24:01"
"337","4","2","success","2025-04-15 04:24:01"
"338","1","3","success","2025-04-14 18:24:01"
"339","2","3","success","2025-04-14 14:24:01"
"340","1","3","success","2025-04-15 10:24:01"
"341","5","3","success","2025-04-14 21:24:01"
"342","2","3","success","2025-04-15 03:24:01"
"343","2","4","success","2025-04-15 00:24:01"
"344","2","4","success","2025-04-14 17:24:01"
"345","4","4","success","2025-04-14 20:24:01"
"346","1","4","success","2025-04-14 14:24:01"
"347","4","4","success","2025-04-14 18:24:01"
"348","6","4","success","2025-04-15 00:24:01"
"349","1","4","success","2025-04-14 12:24:01"
"350","5","4","success","2025-04-14 21:24:01"
"351","6","4","success","2025-04-15 03:24:01"
"352","NULL","5","error","2025-04-15 02:24:01"
"353","NULL","5","error","2025-04-15 00:24:01"
"354","6","5","success","2025-04-14 11:24:01"
"355","NULL","5","error","2025-04-15 01:24:01"
"356","2","5","success","2025-04-15 03:24:01"
"357","3","5","success","2025-04-15 01:24:01"
"358","5","5","success","2025-04-15 02:24:01"
"359","3","6","success","2025-04-15 01:24:01"
"360","1","6","success","2025-04-14 18:24:01"
"361","2","6","success","2025-04-15 03:24:01"
"362","4","6","success","2025-04-15 06:24:01"
"363","2","6","success","2025-04-14 13:24:01"
"364","2","7","success","2025-04-15 02:24:01"
"365","4","7","success","2025-04-14 18:24:01"
"366","3","7","success","2025-04-14 23:24:01"
"367","2","7","success","2025-04-15 01:24:01"
"368","2","7","success","2025-04-15 01:24:01"
"369","1","7","success","2025-04-15 09:24:01"
"370","2","7","success","2025-04-14 23:24:01"
"371","NULL","8","success","2025-04-15 06:24:01"
"372","1","8","success","2025-04-14 16:24:01"
"373","1","8","success","2025-04-15 03:24:01"
"374","NULL","8","success","2025-04-15 04:24:01"
"375","4","8","success","2025-04-14 20:24:01"
"376","NULL","8","success","2025-04-14 22:24:01"
"377","NULL","8","success","2025-04-15 06:24:01"
"378","3","8","success","2025-04-15 08:24:01"
"379","NULL","1","success","2025-04-15 06:24:01"
"380","NULL","1","success","2025-04-15 00:24:01"
"381","NULL","1","success","2025-04-14 19:24:01"
"382","NULL","1","success","2025-04-14 13:24:01"
"383","NULL","1","success","2025-04-14 18:24:01"
"384","NULL","1","success","2025-04-14 18:24:01"
"385","3","2","success","2025-04-13 19:24:01"
"386","2","2","success","2025-04-13 13:24:01"
"387","5","2","success","2025-04-14 07:24:01"
"388","5","2","success","2025-04-13 19:24:01"
"389","3","2","success","2025-04-13 15:24:01"
"390","4","2","success","2025-04-13 11:24:01"
"391","4","2","success","2025-04-13 23:24:01"
"392","1","2","success","2025-04-14 07:24:01"
"393","1","3","success","2025-04-14 09:24:01"
"394","4","3","success","2025-04-13 14:24:01"
"395","5","3","success","2025-04-13 21:24:01"
"396","6","3","success","2025-04-13 15:24:01"
"397","1","3","success","2025-04-13 17:24:01"
"398","3","4","success","2025-04-14 07:24:01"
"399","6","4","success","2025-04-14 08:24:01"
"400","5","4","success","2025-04-13 20:24:01"
"401","3","4","success","2025-04-13 12:24:01"
"402","6","4","success","2025-04-13 21:24:01"
"403","3","4","success","2025-04-13 14:24:01"
"404","1","4","success","2025-04-13 17:24:01"
"405","1","4","success","2025-04-13 16:24:01"
"406","1","4","success","2025-04-14 09:24:01"
"407","NULL","5","error","2025-04-13 12:24:01"
"408","NULL","5","error","2025-04-13 11:24:01"
"409","5","5","success","2025-04-14 07:24:01"
"410","NULL","5","error","2025-04-13 17:24:01"
"411","3","5","success","2025-04-13 15:24:01"
"412","4","5","success","2025-04-14 02:24:01"
"413","5","6","success","2025-04-14 09:24:01"
"414","3","6","success","2025-04-13 11:24:01"
"415","6","6","success","2025-04-13 21:24:01"
"416","3","6","success","2025-04-13 13:24:01"
"417","1","6","success","2025-04-13 13:24:01"
"418","2","6","success","2025-04-14 02:24:01"
"419","4","7","success","2025-04-14 02:24:01"
"420","4","7","success","2025-04-13 14:24:01"
"421","5","7","success","2025-04-13 23:24:01"
"422","2","7","success","2025-04-14 08:24:01"
"423","4","7","success","2025-04-13 18:24:01"
"424","4","7","success","2025-04-13 21:24:01"
"425","2","7","success","2025-04-14 01:24:01"
"426","4","7","success","2025-04-14 08:24:01"
"427","2","8","success","2025-04-13 19:24:01"
"428","NULL","8","success","2025-04-13 20:24:01"
"429","5","8","success","2025-04-13 16:24:01"
"430","6","8","success","2025-04-14 09:24:01"
"431","NULL","8","success","2025-04-13 14:24:01"
"432","3","8","success","2025-04-13 23:24:01"
"433","NULL","8","success","2025-04-14 06:24:01"
"434","NULL","8","success","2025-04-13 17:24:01"
"435","NULL","8","success","2025-04-13 13:24:01"
"436","NULL","1","success","2025-04-13 20:24:01"
"437","NULL","1","success","2025-04-13 14:24:01"
"438","NULL","1","success","2025-04-13 23:24:01"
"439","NULL","1","success","2025-04-13 17:24:01"
"440","NULL","1","success","2025-04-14 03:24:01"
"441","NULL","1","success","2025-04-14 01:24:01"
"442","NULL","1","success","2025-04-13 13:24:01"
"443","6","2","success","2025-04-12 18:24:01"
"444","1","2","success","2025-04-12 15:24:01"
"445","6","2","success","2025-04-13 07:24:01"
"446","4","2","success","2025-04-13 00:24:01"
"447","6","2","success","2025-04-13 04:24:01"
"448","1","2","success","2025-04-12 17:24:01"
"449","1","2","success","2025-04-12 21:24:01"
"450","1","2","success","2025-04-13 06:24:01"
"451","4","3","success","2025-04-13 01:24:01"
"452","3","3","success","2025-04-12 22:24:01"
"453","1","3","success","2025-04-13 02:24:01"
"454","2","3","success","2025-04-12 17:24:01"
"455","4","3","success","2025-04-12 15:24:01"
"456","1","3","success","2025-04-12 13:24:01"
"457","6","3","success","2025-04-13 03:24:01"
"458","3","3","success","2025-04-12 20:24:01"
"459","3","3","success","2025-04-12 15:24:01"
"460","6","4","success","2025-04-12 16:24:01"
"461","2","4","success","2025-04-13 07:24:01"
"462","3","4","success","2025-04-12 20:24:01"
"463","5","4","success","2025-04-12 23:24:01"
"464","3","4","success","2025-04-13 02:24:01"
"465","6","4","success","2025-04-12 22:24:01"
"466","5","4","success","2025-04-12 18:24:01"
"467","NULL","5","error","2025-04-12 19:24:01"
"468","NULL","5","error","2025-04-13 10:24:01"
"469","4","5","success","2025-04-12 16:24:01"
"470","5","5","success","2025-04-12 16:24:01"
"471","2","5","success","2025-04-12 16:24:01"
"472","2","5","success","2025-04-13 01:24:01"
"473","3","6","success","2025-04-12 20:24:01"
"474","5","6","success","2025-04-12 17:24:01"
"475","2","6","success","2025-04-12 17:24:01"
"476","5","6","success","2025-04-13 01:24:01"
"477","6","6","success","2025-04-13 08:24:01"
"478","5","6","success","2025-04-13 04:24:01"
"479","5","7","success","2025-04-13 08:24:01"
"480","3","7","success","2025-04-12 18:24:01"
"481","2","7","success","2025-04-12 23:24:01"
"482","5","7","success","2025-04-13 09:24:01"
"483","4","7","success","2025-04-12 18:24:01"
"484","5","7","success","2025-04-13 02:24:01"
"485","1","7","success","2025-04-12 19:24:01"
"486","1","8","success","2025-04-13 00:24:01"
"487","NULL","8","success","2025-04-12 23:24:01"
"488","NULL","8","success","2025-04-13 03:24:01"
"489","5","8","success","2025-04-12 22:24:01"
"490","NULL","8","success","2025-04-13 09:24:01"
"491","5","8","success","2025-04-12 23:24:01"
"492","NULL","8","success","2025-04-12 11:24:01"
"493","3","8","success","2025-04-12 17:24:01"
"494","NULL","1","success","2025-04-13 06:24:01"
"495","NULL","1","success","2025-04-12 19:24:01"
"496","NULL","1","success","2025-04-12 18:24:01"
"497","NULL","1","success","2025-04-12 22:24:01"
"498","NULL","1","success","2025-04-12 22:24:01"
"499","NULL","1","success","2025-04-13 09:24:01"
"500","NULL","1","success","2025-04-12 19:24:01"
"501","4","2","success","2025-04-11 21:24:01"
"502","2","2","success","2025-04-12 07:24:01"
"503","4","2","success","2025-04-11 22:24:01"
"504","3","2","success","2025-04-12 07:24:01"
"505","1","2","success","2025-04-12 05:24:01"
"506","5","2","success","2025-04-12 10:24:01"
"507","6","2","success","2025-04-11 22:24:01"
"508","5","2","success","2025-04-11 22:24:01"
"509","1","2","success","2025-04-12 07:24:01"
"510","2","3","success","2025-04-11 12:24:01"
"511","2","3","success","2025-04-11 14:24:01"
"512","5","3","success","2025-04-12 05:24:01"
"513","3","3","success","2025-04-11 23:24:01"
"514","4","3","success","2025-04-11 16:24:01"
"515","4","4","success","2025-04-11 22:24:01"
"516","5","4","success","2025-04-11 19:24:01"
"517","3","4","success","2025-04-11 19:24:01"
"518","2","4","success","2025-04-11 19:24:01"
"519","6","4","success","2025-04-12 00:24:01"
"520","1","4","success","2025-04-11 20:24:01"
"521","6","4","success","2025-04-11 17:24:01"
"522","NULL","5","error","2025-04-12 00:24:01"
"523","NULL","5","error","2025-04-12 06:24:01"
"524","5","5","success","2025-04-11 21:24:01"
"525","2","5","success","2025-04-11 23:24:01"
"526","1","5","success","2025-04-11 21:24:01"
"527","NULL","5","error","2025-04-11 15:24:01"
"528","6","5","success","2025-04-12 09:24:01"
"529","NULL","5","error","2025-04-12 02:24:01"
"530","6","6","success","2025-04-12 03:24:01"
"531","4","6","success","2025-04-11 17:24:01"
"532","2","6","success","2025-04-12 05:24:01"
"533","1","6","success","2025-04-12 07:24:01"
"534","1","6","success","2025-04-12 09:24:01"
"535","4","6","success","2025-04-12 03:24:01"
"536","1","6","success","2025-04-12 08:24:01"
"537","3","6","success","2025-04-12 02:24:01"
"538","6","6","success","2025-04-12 03:24:01"
"539","6","7","success","2025-04-12 02:24:01"
"540","5","7","success","2025-04-11 21:24:01"
"541","1","7","success","2025-04-11 22:24:01"
"542","6","7","success","2025-04-11 14:24:01"
"543","6","7","success","2025-04-11 21:24:01"
"544","2","7","success","2025-04-12 06:24:01"
"545","3","7","success","2025-04-11 21:24:01"
"546","NULL","8","success","2025-04-12 01:24:01"
"547","NULL","8","success","2025-04-11 21:24:01"
"548","5","8","success","2025-04-11 23:24:01"
"549","NULL","8","success","2025-04-11 19:24:01"
"550","NULL","8","success","2025-04-11 13:24:01"
"551","NULL","1","success","2025-04-11 18:24:01"
"552","NULL","1","success","2025-04-11 21:24:01"
"553","NULL","1","success","2025-04-11 17:24:01"
"554","NULL","1","success","2025-04-12 09:24:01"
"555","NULL","1","success","2025-04-11 11:24:01"
"556","NULL","1","success","2025-04-11 15:24:01"
"557","NULL","1","success","2025-04-12 08:24:01"
"558","3","2","success","2025-04-10 12:24:01"
"559","6","2","success","2025-04-11 06:24:01"
"560","1","2","success","2025-04-11 04:24:01"
"561","4","2","success","2025-04-11 04:24:01"
"562","6","2","success","2025-04-10 22:24:01"
"563","4","3","success","2025-04-10 16:24:01"
"564","2","3","success","2025-04-10 20:24:01"
"565","2","3","success","2025-04-10 22:24:01"
"566","3","3","success","2025-04-11 04:24:01"
"567","2","3","success","2025-04-10 20:24:01"
"568","1","3","success","2025-04-11 07:24:01"
"569","3","3","success","2025-04-10 14:24:01"
"570","4","3","success","2025-04-10 22:24:01"
"571","5","4","success","2025-04-10 14:24:01"
"572","2","4","success","2025-04-11 07:24:01"
"573","4","4","success","2025-04-10 14:24:01"
"574","1","4","success","2025-04-11 02:24:01"
"575","2","4","success","2025-04-10 15:24:01"
"576","1","4","success","2025-04-10 14:24:01"
"577","3","4","success","2025-04-10 22:24:01"
"578","2","4","success","2025-04-11 00:24:01"
"579","NULL","5","error","2025-04-10 16:24:01"
"580","NULL","5","error","2025-04-11 01:24:01"
"581","5","5","success","2025-04-10 14:24:01"
"582","NULL","5","error","2025-04-10 16:24:01"
"583","1","5","success","2025-04-10 17:24:01"
"584","1","6","success","2025-04-10 22:24:01"
"585","1","6","success","2025-04-10 18:24:01"
"586","1","6","success","2025-04-10 18:24:01"
"587","3","6","success","2025-04-11 09:24:01"
"588","4","6","success","2025-04-10 20:24:01"
"589","6","6","success","2025-04-10 23:24:01"
"590","6","6","success","2025-04-11 02:24:01"
"591","5","6","success","2025-04-11 03:24:01"
"592","2","6","success","2025-04-11 10:24:01"
"593","6","7","success","2025-04-10 18:24:01"
"594","5","7","success","2025-04-10 12:24:01"
"595","6","7","success","2025-04-10 17:24:01"
"596","5","7","success","2025-04-11 00:24:01"
"597","6","7","success","2025-04-10 23:24:01"
"598","6","7","success","2025-04-10 21:24:01"
"599","NULL","8","success","2025-04-10 22:24:01"
"600","NULL","8","success","2025-04-11 02:24:01"
"601","6","8","success","2025-04-11 02:24:01"
"602","1","8","success","2025-04-11 06:24:01"
"603","2","8","success","2025-04-10 15:24:01"
"604","NULL","1","success","2025-04-10 18:24:01"
"605","NULL","1","success","2025-04-11 04:24:01"
"606","NULL","1","success","2025-04-11 02:24:01"
"607","NULL","1","success","2025-04-10 14:24:01"
"608","NULL","1","success","2025-04-11 02:24:01"
"609","NULL","1","success","2025-04-11 06:24:01"
"610","NULL","1","success","2025-04-10 15:24:01"
"611","3","2","success","2025-04-10 04:24:01"
"612","4","2","success","2025-04-10 05:24:01"
"613","1","2","success","2025-04-09 12:24:01"
"614","1","2","success","2025-04-09 13:24:01"
"615","2","2","success","2025-04-10 07:24:01"
"616","5","2","success","2025-04-10 08:24:01"
"617","4","3","success","2025-04-10 04:24:01"
"618","5","3","success","2025-04-10 08:24:01"
"619","1","3","success","2025-04-10 03:24:01"
"620","2","3","success","2025-04-09 17:24:01"
"621","3","3","success","2025-04-09 18:24:01"
"622","2","3","success","2025-04-09 19:24:01"
"623","6","3","success","2025-04-10 09:24:01"
"624","5","4","success","2025-04-09 21:24:01"
"625","6","4","success","2025-04-10 03:24:01"
"626","3","4","success","2025-04-09 19:24:01"
"627","2","4","success","2025-04-10 00:24:01"
"628","6","4","success","2025-04-10 03:24:01"
"629","5","4","success","2025-04-10 08:24:01"
"630","1","4","success","2025-04-10 07:24:01"
"631","1","4","success","2025-04-10 01:24:01"
"632","NULL","5","error","2025-04-10 06:24:01"
"633","NULL","5","error","2025-04-09 18:24:01"
"634","1","5","success","2025-04-10 00:24:01"
"635","5","5","success","2025-04-09 17:24:01"
"636","NULL","5","error","2025-04-10 02:24:01"
"637","5","5","success","2025-04-10 06:24:01"
"638","1","5","success","2025-04-10 05:24:01"
"639","4","5","success","2025-04-09 21:24:01"
"640","1","5","success","2025-04-09 23:24:01"
"641","3","6","success","2025-04-10 04:24:01"
"642","4","6","success","2025-04-09 22:24:01"
"643","5","6","success","2025-04-09 15:24:01"
"644","5","6","success","2025-04-10 07:24:01"
"645","3","6","success","2025-04-09 21:24:01"
"646","6","6","success","2025-04-10 10:24:01"
"647","6","7","success","2025-04-09 21:24:01"
"648","3","7","success","2025-04-10 03:24:01"
"649","3","7","success","2025-04-10 04:24:01"
"650","4","7","success","2025-04-10 00:24:01"
"651","2","7","success","2025-04-09 16:24:01"
"652","4","7","success","2025-04-09 14:24:01"
"653","NULL","8","success","2025-04-09 19:24:01"
"654","NULL","8","success","2025-04-10 05:24:01"
"655","3","8","success","2025-04-10 08:24:01"
"656","NULL","8","success","2025-04-10 03:24:01"
"657","5","8","success","2025-04-09 13:24:01"
"658","NULL","8","success","2025-04-09 22:24:01"
"659","NULL","8","success","2025-04-10 04:24:01"
"660","5","8","success","2025-04-09 16:24:01"
"661","5","8","success","2025-04-10 07:24:01"
"662","NULL","1","success","2025-04-09 23:24:01"
"663","NULL","1","success","2025-04-09 22:24:01"
"664","NULL","1","success","2025-04-10 08:24:01"
"665","NULL","1","success","2025-04-09 13:24:01"
"666","NULL","1","success","2025-04-10 03:24:01"
"667","2","2","success","2025-04-08 15:24:01"
"668","2","2","success","2025-04-09 02:24:01"
"669","4","2","success","2025-04-08 16:24:01"
"670","2","2","success","2025-04-08 16:24:01"
"671","4","2","success","2025-04-08 20:24:01"
"672","2","2","success","2025-04-09 04:24:01"
"673","1","3","success","2025-04-08 13:24:01"
"674","2","3","success","2025-04-08 16:24:01"
"675","1","3","success","2025-04-08 13:24:01"
"676","6","3","success","2025-04-09 03:24:01"
"677","3","3","success","2025-04-08 14:24:01"
"678","3","4","success","2025-04-08 15:24:01"
"679","4","4","success","2025-04-08 16:24:01"
"680","3","4","success","2025-04-09 05:24:01"
"681","3","4","success","2025-04-09 05:24:01"
"682","4","4","success","2025-04-09 00:24:01"
"683","1","4","success","2025-04-09 10:24:01"
"684","NULL","5","error","2025-04-08 21:24:01"
"685","NULL","5","error","2025-04-09 05:24:01"
"686","4","5","success","2025-04-08 12:24:01"
"687","6","5","success","2025-04-09 01:24:01"
"688","1","5","success","2025-04-09 08:24:01"
"689","3","5","success","2025-04-08 20:24:01"
"690","1","5","success","2025-04-08 19:24:01"
"691","4","6","success","2025-04-09 10:24:01"
"692","1","6","success","2025-04-09 03:24:01"
"693","1","6","success","2025-04-08 21:24:01"
"694","6","6","success","2025-04-08 18:24:01"
"695","5","6","success","2025-04-09 05:24:01"
"696","4","6","success","2025-04-09 06:24:01"
"697","6","7","success","2025-04-09 08:24:01"
"698","5","7","success","2025-04-08 12:24:01"
"699","6","7","success","2025-04-09 03:24:01"
"700","3","7","success","2025-04-08 19:24:01"
"701","2","7","success","2025-04-08 21:24:01"
"702","2","7","success","2025-04-09 07:24:01"
"703","5","8","success","2025-04-09 06:24:01"
"704","1","8","success","2025-04-08 20:24:01"
"705","2","8","success","2025-04-09 01:24:01"
"706","NULL","8","success","2025-04-09 01:24:01"
"707","NULL","8","success","2025-04-08 20:24:01"
"708","NULL","8","success","2025-04-09 08:24:01"
"709","4","8","success","2025-04-08 16:24:01"
"710","NULL","8","success","2025-04-08 21:24:01"
"711","NULL","1","success","2025-04-08 12:24:01"
"712","NULL","1","success","2025-04-09 00:24:01"
"713","NULL","1","success","2025-04-09 04:24:01"
"714","NULL","1","success","2025-04-08 12:24:01"
"715","NULL","1","success","2025-04-08 12:24:01"
"716","NULL","1","success","2025-04-08 12:24:01"
"717","NULL","1","success","2025-04-08 13:24:01"
"718","4","2","success","2025-04-08 09:24:01"
"719","6","2","success","2025-04-08 04:24:01"
"720","6","2","success","2025-04-07 23:24:01"
"721","5","2","success","2025-04-07 17:24:01"
"722","1","2","success","2025-04-08 00:24:01"
"723","4","2","success","2025-04-08 10:24:01"
"724","5","3","success","2025-04-08 07:24:01"
"725","1","3","success","2025-04-08 03:24:01"
"726","2","3","success","2025-04-07 11:24:01"
"727","3","3","success","2025-04-07 13:24:01"
"728","2","3","success","2025-04-08 07:24:01"
"729","4","3","success","2025-04-07 22:24:01"
"730","2","4","success","2025-04-07 18:24:01"
"731","1","4","success","2025-04-07 14:24:01"
"732","4","4","success","2025-04-08 05:24:01"
"733","1","4","success","2025-04-07 12:24:01"
"734","1","4","success","2025-04-08 09:24:01"
"735","5","4","success","2025-04-08 01:24:01"
"736","1","4","success","2025-04-07 15:24:01"
"737","NULL","5","error","2025-04-08 04:24:01"
"738","NULL","5","error","2025-04-07 15:24:01"
"739","5","5","success","2025-04-08 01:24:01"
"740","6","5","success","2025-04-07 13:24:01"
"741","4","5","success","2025-04-08 08:24:01"
"742","1","5","success","2025-04-07 15:24:01"
"743","1","5","success","2025-04-07 15:24:01"
"744","4","5","success","2025-04-07 20:24:01"
"745","5","5","success","2025-04-08 00:24:01"
"746","4","6","success","2025-04-07 12:24:01"
"747","2","6","success","2025-04-07 21:24:01"
"748","2","6","success","2025-04-08 04:24:01"
"749","1","6","success","2025-04-07 22:24:01"
"750","6","6","success","2025-04-07 22:24:01"
"751","3","6","success","2025-04-07 11:24:01"
"752","4","6","success","2025-04-08 02:24:01"
"753","5","6","success","2025-04-08 02:24:01"
"754","5","7","success","2025-04-07 13:24:01"
"755","2","7","success","2025-04-07 17:24:01"
"756","3","7","success","2025-04-07 13:24:01"
"757","2","7","success","2025-04-07 17:24:01"
"758","3","7","success","2025-04-07 18:24:01"
"759","NULL","8","success","2025-04-08 09:24:01"
"760","1","8","success","2025-04-08 07:24:01"
"761","NULL","8","success","2025-04-07 14:24:01"
"762","NULL","8","success","2025-04-08 05:24:01"
"763","NULL","8","success","2025-04-07 18:24:01"
"764","NULL","8","success","2025-04-07 16:24:01"
"765","NULL","1","success","2025-04-07 20:24:01"
"766","NULL","1","success","2025-04-08 02:24:01"
"767","NULL","1","success","2025-04-07 15:24:01"
"768","NULL","1","success","2025-04-08 07:24:01"
"769","NULL","1","success","2025-04-08 08:24:01"
"770","NULL","1","success","2025-04-08 06:24:01"
"771","4","2","success","2025-04-07 09:24:01"
"772","6","2","success","2025-04-06 22:24:01"
"773","5","2","success","2025-04-07 02:24:01"
"774","6","2","success","2025-04-06 16:24:01"
"775","4","2","success","2025-04-06 23:24:01"
"776","4","2","success","2025-04-06 21:24:01"
"777","3","2","success","2025-04-06 22:24:01"
"778","1","3","success","2025-04-07 03:24:01"
"779","1","3","success","2025-04-06 15:24:01"
"780","5","3","success","2025-04-06 21:24:01"
"781","5","3","success","2025-04-06 22:24:01"
"782","1","3","success","2025-04-07 09:24:01"
"783","4","3","success","2025-04-06 14:24:01"
"784","1","4","success","2025-04-07 08:24:01"
"785","1","4","success","2025-04-07 09:24:01"
"786","2","4","success","2025-04-07 03:24:01"
"787","3","4","success","2025-04-06 21:24:01"
"788","4","4","success","2025-04-07 07:24:01"
"789","4","4","success","2025-04-06 13:24:01"
"790","5","4","success","2025-04-06 21:24:01"
"791","1","4","success","2025-04-07 06:24:01"
"792","1","4","success","2025-04-06 12:24:01"
"793","NULL","5","error","2025-04-06 19:24:01"
"794","NULL","5","error","2025-04-06 13:24:01"
"795","3","5","success","2025-04-06 11:24:01"
"796","3","5","success","2025-04-06 19:24:01"
"797","3","5","success","2025-04-07 03:24:01"
"798","NULL","5","error","2025-04-07 03:24:01"
"799","NULL","5","error","2025-04-06 17:24:01"
"800","NULL","5","error","2025-04-06 21:24:01"
"801","NULL","5","error","2025-04-07 08:24:01"
"802","4","6","success","2025-04-07 02:24:01"
"803","3","6","success","2025-04-07 07:24:01"
"804","2","6","success","2025-04-07 07:24:01"
"805","3","6","success","2025-04-06 19:24:01"
"806","5","6","success","2025-04-06 18:24:01"
"807","3","6","success","2025-04-06 15:24:01"
"808","4","6","success","2025-04-07 05:24:01"
"809","1","7","success","2025-04-07 03:24:01"
"810","3","7","success","2025-04-07 01:24:01"
"811","1","7","success","2025-04-06 21:24:01"
"812","1","7","success","2025-04-07 09:24:01"
"813","4","7","success","2025-04-06 16:24:01"
"814","2","7","success","2025-04-06 21:24:01"
"815","4","7","success","2025-04-06 17:24:01"
"816","5","7","success","2025-04-06 16:24:01"
"817","5","7","success","2025-04-06 11:24:01"
"818","NULL","8","success","2025-04-06 11:24:01"
"819","5","8","success","2025-04-06 14:24:01"
"820","5","8","success","2025-04-06 14:24:01"
"821","NULL","8","success","2025-04-07 08:24:01"
"822","3","8","success","2025-04-06 23:24:01"
"823","NULL","8","success","2025-04-06 15:24:01"
"824","6","8","success","2025-04-06 15:24:01"
"825","3","8","success","2025-04-06 13:24:01"
"826","NULL","8","success","2025-04-07 03:24:01"
"827","NULL","1","success","2025-04-07 01:24:01"
"828","NULL","1","success","2025-04-06 16:24:01"
"829","NULL","1","success","2025-04-06 19:24:01"
"830","NULL","1","success","2025-04-06 11:24:01"
"831","NULL","1","success","2025-04-06 11:24:01"
"832","NULL","1","success","2025-04-06 12:24:01"
"833","NULL","1","success","2025-04-06 17:24:01"
"834","5","2","success","2025-04-05 14:24:01"
"835","4","2","success","2025-04-05 22:24:01"
"836","5","2","success","2025-04-05 20:24:01"
"837","4","2","success","2025-04-06 01:24:01"
"838","3","2","success","2025-04-05 17:24:01"
"839","3","3","success","2025-04-05 13:24:01"
"840","1","3","success","2025-04-05 17:24:01"
"841","6","3","success","2025-04-05 14:24:01"
"842","4","3","success","2025-04-06 08:24:01"
"843","4","3","success","2025-04-05 21:24:01"
"844","2","4","success","2025-04-05 14:24:01"
"845","6","4","success","2025-04-05 18:24:01"
"846","5","4","success","2025-04-05 11:24:01"
"847","4","4","success","2025-04-05 17:24:01"
"848","3","4","success","2025-04-06 09:24:01"
"849","4","4","success","2025-04-05 22:24:01"
"850","NULL","5","error","2025-04-06 01:24:01"
"851","NULL","5","error","2025-04-06 04:24:01"
"852","5","5","success","2025-04-05 21:24:01"
"853","NULL","5","error","2025-04-05 22:24:01"
"854","6","5","success","2025-04-05 16:24:01"
"855","NULL","5","error","2025-04-05 12:24:01"
"856","5","5","success","2025-04-05 20:24:01"
"857","6","6","success","2025-04-05 13:24:01"
"858","4","6","success","2025-04-05 11:24:01"
"859","1","6","success","2025-04-06 02:24:01"
"860","5","6","success","2025-04-05 15:24:02"
"861","2","6","success","2025-04-05 15:24:02"
"862","6","6","success","2025-04-05 12:24:02"
"863","3","6","success","2025-04-06 09:24:02"
"864","4","6","success","2025-04-05 13:24:02"
"865","5","6","success","2025-04-05 16:24:02"
"866","6","7","success","2025-04-06 02:24:02"
"867","4","7","success","2025-04-05 18:24:02"
"868","3","7","success","2025-04-06 01:24:02"
"869","4","7","success","2025-04-05 16:24:02"
"870","2","7","success","2025-04-05 17:24:02"
"871","5","7","success","2025-04-05 19:24:02"
"872","2","7","success","2025-04-05 11:24:02"
"873","3","7","success","2025-04-05 15:24:02"
"874","4","7","success","2025-04-05 14:24:02"
"875","NULL","8","success","2025-04-06 07:24:02"
"876","2","8","success","2025-04-06 05:24:02"
"877","4","8","success","2025-04-05 12:24:02"
"878","NULL","8","success","2025-04-05 15:24:02"
"879","6","8","success","2025-04-05 19:24:02"
"880","NULL","1","success","2025-04-06 09:24:02"
"881","NULL","1","success","2025-04-05 20:24:02"
"882","NULL","1","success","2025-04-05 12:24:02"
"883","NULL","1","success","2025-04-05 15:24:02"
"884","NULL","1","success","2025-04-06 02:24:02"
"885","NULL","1","success","2025-04-06 03:24:02"
"886","NULL","1","success","2025-04-05 23:24:02"
"887","6","2","success","2025-04-04 17:24:02"
"888","3","2","success","2025-04-04 20:24:02"
"889","4","2","success","2025-04-05 04:24:02"
"890","1","2","success","2025-04-05 10:24:02"
"891","6","2","success","2025-04-04 15:24:02"
"892","3","2","success","2025-04-04 22:24:02"
"893","2","2","success","2025-04-05 05:24:02"
"894","3","3","success","2025-04-04 18:24:02"
"895","3","3","success","2025-04-04 15:24:02"
"896","5","3","success","2025-04-04 11:24:02"
"897","6","3","success","2025-04-04 21:24:02"
"898","4","3","success","2025-04-04 23:24:02"
"899","5","4","success","2025-04-04 16:24:02"
"900","5","4","success","2025-04-04 13:24:02"
"901","1","4","success","2025-04-04 23:24:02"
"902","1","4","success","2025-04-04 15:24:02"
"903","3","4","success","2025-04-05 00:24:02"
"904","4","4","success","2025-04-04 12:24:02"
"905","4","4","success","2025-04-05 01:24:02"
"906","3","4","success","2025-04-05 09:24:02"
"907","5","4","success","2025-04-04 14:24:02"
"908","NULL","5","error","2025-04-05 05:24:02"
"909","NULL","5","error","2025-04-04 16:24:02"
"910","5","5","success","2025-04-04 22:24:02"
"911","2","5","success","2025-04-04 11:24:02"
"912","1","5","success","2025-04-04 22:24:02"
"913","3","5","success","2025-04-05 07:24:02"
"914","5","6","success","2025-04-05 03:24:02"
"915","3","6","success","2025-04-05 10:24:02"
"916","5","6","success","2025-04-05 00:24:02"
"917","5","6","success","2025-04-04 11:24:02"
"918","5","6","success","2025-04-04 14:24:02"
"919","1","6","success","2025-04-04 13:24:02"
"920","5","7","success","2025-04-04 14:24:02"
"921","3","7","success","2025-04-04 20:24:02"
"922","6","7","success","2025-04-05 04:24:02"
"923","5","7","success","2025-04-04 16:24:02"
"924","6","7","success","2025-04-04 16:24:02"
"925","1","7","success","2025-04-04 14:24:02"
"926","1","8","success","2025-04-04 13:24:02"
"927","NULL","8","success","2025-04-04 13:24:02"
"928","1","8","success","2025-04-04 15:24:02"
"929","6","8","success","2025-04-04 23:24:02"
"930","4","8","success","2025-04-05 05:24:02"
"931","3","8","success","2025-04-05 07:24:02"
"932","NULL","1","success","2025-04-04 12:24:02"
"933","NULL","1","success","2025-04-04 16:24:02"
"934","NULL","1","success","2025-04-04 12:24:02"
"935","NULL","1","success","2025-04-05 00:24:02"
"936","NULL","1","success","2025-04-05 01:24:02"
"937","3","2","success","2025-04-04 06:24:02"
"938","5","2","success","2025-04-04 02:24:02"
"939","5","2","success","2025-04-04 09:24:02"
"940","3","2","success","2025-04-03 22:24:02"
"941","6","2","success","2025-04-03 18:24:02"
"942","4","2","success","2025-04-03 18:24:02"
"943","4","2","success","2025-04-03 18:24:02"
"944","5","3","success","2025-04-04 08:24:02"
"945","3","3","success","2025-04-04 00:24:02"
"946","3","3","success","2025-04-04 03:24:02"
"947","6","3","success","2025-04-04 03:24:02"
"948","4","3","success","2025-04-03 14:24:02"
"949","4","3","success","2025-04-04 06:24:02"
"950","2","3","success","2025-04-04 08:24:02"
"951","5","4","success","2025-04-03 20:24:02"
"952","6","4","success","2025-04-03 16:24:02"
"953","3","4","success","2025-04-03 22:24:02"
"954","2","4","success","2025-04-03 23:24:02"
"955","1","4","success","2025-04-04 01:24:02"
"956","6","4","success","2025-04-04 07:24:02"
"957","4","4","success","2025-04-03 18:24:02"
"958","4","4","success","2025-04-03 21:24:02"
"959","NULL","5","error","2025-04-04 05:24:02"
"960","NULL","5","error","2025-04-03 16:24:02"
"961","1","5","success","2025-04-03 14:24:02"
"962","5","5","success","2025-04-04 04:24:02"
"963","6","5","success","2025-04-04 07:24:02"
"964","5","5","success","2025-04-03 23:24:02"
"965","5","6","success","2025-04-03 12:24:02"
"966","2","6","success","2025-04-03 13:24:02"
"967","5","6","success","2025-04-03 18:24:02"
"968","3","6","success","2025-04-04 08:24:02"
"969","3","6","success","2025-04-03 18:24:02"
"970","2","6","success","2025-04-04 00:24:02"
"971","6","6","success","2025-04-03 14:24:02"
"972","3","7","success","2025-04-04 00:24:02"
"973","5","7","success","2025-04-04 09:24:02"
"974","4","7","success","2025-04-04 09:24:02"
"975","1","7","success","2025-04-03 19:24:02"
"976","5","7","success","2025-04-03 18:24:02"
"977","3","7","success","2025-04-03 23:24:02"
"978","1","7","success","2025-04-03 12:24:02"
"979","6","7","success","2025-04-03 22:24:02"
"980","NULL","8","success","2025-04-04 01:24:02"
"981","NULL","8","success","2025-04-04 03:24:02"
"982","1","8","success","2025-04-04 06:24:02"
"983","4","8","success","2025-04-03 18:24:02"
"984","1","8","success","2025-04-03 21:24:02"
"985","5","8","success","2025-04-04 03:24:02"
"986","NULL","8","success","2025-04-04 06:24:02"
"987","NULL","1","success","2025-04-04 04:24:02"
"988","NULL","1","success","2025-04-04 05:24:02"
"989","NULL","1","success","2025-04-04 03:24:02"
"990","NULL","1","success","2025-04-03 15:24:02"
"991","NULL","1","success","2025-04-04 04:24:02"
"992","NULL","1","success","2025-04-03 17:24:02"
"993","2","2","success","2025-04-02 13:24:02"
"994","5","2","success","2025-04-03 07:24:02"
"995","6","2","success","2025-04-03 05:24:02"
"996","2","2","success","2025-04-03 00:24:02"
"997","3","2","success","2025-04-02 16:24:02"
"998","6","2","success","2025-04-03 06:24:02"
"999","3","2","success","2025-04-03 04:24:02"
"1000","3","2","success","2025-04-03 01:24:02"
"1001","1","2","success","2025-04-02 16:24:02"
"1002","2","3","success","2025-04-03 01:24:02"
"1003","2","3","success","2025-04-02 12:24:02"
"1004","4","3","success","2025-04-02 13:24:02"
"1005","3","3","success","2025-04-03 09:24:02"
"1006","3","3","success","2025-04-02 16:24:02"
"1007","6","3","success","2025-04-02 12:24:02"
"1008","3","3","success","2025-04-03 02:24:02"
"1009","2","3","success","2025-04-03 08:24:02"
"1010","1","3","success","2025-04-02 19:24:02"
"1011","4","4","success","2025-04-03 02:24:02"
"1012","4","4","success","2025-04-03 01:24:02"
"1013","3","4","success","2025-04-02 22:24:02"
"1014","1","4","success","2025-04-03 07:24:02"
"1015","1","4","success","2025-04-02 15:24:02"
"1016","3","4","success","2025-04-02 22:24:02"
"1017","2","4","success","2025-04-03 05:24:02"
"1018","1","4","success","2025-04-02 19:24:02"
"1019","NULL","5","error","2025-04-02 11:24:02"
"1020","NULL","5","error","2025-04-03 05:24:02"
"1021","6","5","success","2025-04-03 03:24:02"
"1022","NULL","5","error","2025-04-02 12:24:02"
"1023","NULL","5","error","2025-04-02 12:24:02"
"1024","NULL","5","error","2025-04-02 17:24:02"
"1025","NULL","5","error","2025-04-02 22:24:02"
"1026","1","6","success","2025-04-02 16:24:02"
"1027","1","6","success","2025-04-02 20:24:02"
"1028","6","6","success","2025-04-02 15:24:02"
"1029","2","6","success","2025-04-03 02:24:02"
"1030","4","6","success","2025-04-02 13:24:02"
"1031","4","6","success","2025-04-02 23:24:02"
"1032","1","7","success","2025-04-03 03:24:02"
"1033","1","7","success","2025-04-02 23:24:02"
"1034","3","7","success","2025-04-02 13:24:02"
"1035","2","7","success","2025-04-02 22:24:02"
"1036","2","7","success","2025-04-02 13:24:02"
"1037","4","7","success","2025-04-03 06:24:02"
"1038","2","7","success","2025-04-03 07:24:02"
"1039","4","7","success","2025-04-02 12:24:02"
"1040","4","7","success","2025-04-03 06:24:02"
"1041","1","8","success","2025-04-02 13:24:02"
"1042","NULL","8","success","2025-04-03 08:24:02"
"1043","NULL","8","success","2025-04-03 01:24:02"
"1044","NULL","8","success","2025-04-02 16:24:02"
"1045","NULL","8","success","2025-04-03 04:24:02"
"1046","NULL","8","success","2025-04-02 13:24:02"
"1047","6","8","success","2025-04-02 20:24:02"
"1048","NULL","1","success","2025-04-03 04:24:02"
"1049","NULL","1","success","2025-04-03 02:24:02"
"1050","NULL","1","success","2025-04-03 09:24:02"
"1051","NULL","1","success","2025-04-03 08:24:02"
"1052","NULL","1","success","2025-04-03 03:24:02"
"1053","NULL","1","success","2025-04-03 01:24:02"
"1054","4","2","success","2025-04-02 08:24:02"
"1055","5","2","success","2025-04-02 02:24:02"
"1056","1","2","success","2025-04-02 03:24:02"
"1057","1","2","success","2025-04-01 21:24:02"
"1058","6","2","success","2025-04-02 08:24:02"
"1059","2","3","success","2025-04-01 18:24:02"
"1060","5","3","success","2025-04-02 02:24:02"
"1061","2","3","success","2025-04-02 09:24:02"
"1062","2","3","success","2025-04-01 17:24:02"
"1063","4","3","success","2025-04-01 15:24:02"
"1064","1","3","success","2025-04-01 14:24:02"
"1065","2","3","success","2025-04-02 09:24:02"
"1066","1","3","success","2025-04-01 16:24:02"
"1067","6","3","success","2025-04-01 17:24:02"
"1068","6","4","success","2025-04-02 06:24:02"
"1069","2","4","success","2025-04-02 07:24:02"
"1070","4","4","success","2025-04-01 18:24:02"
"1071","5","4","success","2025-04-02 05:24:02"
"1072","4","4","success","2025-04-02 09:24:02"
"1073","5","4","success","2025-04-01 16:24:02"
"1074","NULL","5","error","2025-04-02 06:24:02"
"1075","NULL","5","error","2025-04-01 12:24:02"
"1076","3","5","success","2025-04-02 08:24:02"
"1077","2","5","success","2025-04-01 13:24:02"
"1078","5","5","success","2025-04-02 06:24:02"
"1079","3","5","success","2025-04-02 10:24:02"
"1080","1","5","success","2025-04-02 06:24:02"
"1081","1","5","success","2025-04-01 13:24:02"
"1082","1","6","success","2025-04-02 08:24:02"
"1083","2","6","success","2025-04-01 22:24:02"
"1084","5","6","success","2025-04-02 09:24:02"
"1085","5","6","success","2025-04-01 23:24:02"
"1086","5","6","success","2025-04-02 07:24:02"
"1087","2","6","success","2025-04-01 21:24:02"
"1088","4","6","success","2025-04-02 05:24:02"
"1089","1","6","success","2025-04-02 05:24:02"
"1090","6","6","success","2025-04-01 12:24:02"
"1091","4","7","success","2025-04-02 09:24:02"
"1092","2","7","success","2025-04-02 03:24:02"
"1093","3","7","success","2025-04-01 19:24:02"
"1094","2","7","success","2025-04-01 18:24:02"
"1095","4","7","success","2025-04-01 19:24:02"
"1096","6","7","success","2025-04-01 18:24:02"
"1097","6","7","success","2025-04-02 08:24:02"
"1098","NULL","8","success","2025-04-01 21:24:02"
"1099","5","8","success","2025-04-01 16:24:02"
"1100","4","8","success","2025-04-01 22:24:02"
"1101","4","8","success","2025-04-02 05:24:02"
"1102","NULL","8","success","2025-04-01 15:24:02"
"1103","NULL","8","success","2025-04-02 04:24:02"
"1104","5","8","success","2025-04-02 02:24:02"
"1105","NULL","8","success","2025-04-02 10:24:02"
"1106","NULL","1","success","2025-04-01 13:24:02"
"1107","NULL","1","success","2025-04-01 14:24:02"
"1108","NULL","1","success","2025-04-01 19:24:02"
"1109","NULL","1","success","2025-04-01 22:24:02"
"1110","NULL","1","success","2025-04-01 18:24:02"
"1111","NULL","1","success","2025-04-01 15:24:02"
"1112","5","2","success","2025-04-01 07:24:02"
"1113","3","2","success","2025-03-31 16:24:02"
"1114","1","2","success","2025-03-31 23:24:02"
"1115","4","2","success","2025-04-01 09:24:02"
"1116","2","2","success","2025-03-31 20:24:02"
"1117","2","2","success","2025-03-31 13:24:02"
"1118","4","2","success","2025-04-01 06:24:02"
"1119","2","2","success","2025-04-01 05:24:02"
"1120","1","2","success","2025-03-31 22:24:02"
"1121","2","3","success","2025-03-31 15:24:02"
"1122","2","3","success","2025-04-01 05:24:02"
"1123","2","3","success","2025-04-01 00:24:02"
"1124","2","3","success","2025-03-31 16:24:02"
"1125","4","3","success","2025-03-31 15:24:02"
"1126","2","3","success","2025-04-01 03:24:02"
"1127","5","3","success","2025-03-31 21:24:02"
"1128","1","3","success","2025-03-31 16:24:02"
"1129","5","3","success","2025-03-31 21:24:02"
"1130","6","4","success","2025-03-31 20:24:02"
"1131","3","4","success","2025-04-01 04:24:02"
"1132","4","4","success","2025-04-01 05:24:02"
"1133","1","4","success","2025-03-31 14:24:02"
"1134","3","4","success","2025-04-01 04:24:02"
"1135","3","4","success","2025-04-01 08:24:02"
"1136","2","4","success","2025-03-31 20:24:02"
"1137","2","4","success","2025-03-31 17:24:02"
"1138","NULL","5","error","2025-03-31 23:24:02"
"1139","NULL","5","error","2025-03-31 14:24:02"
"1140","NULL","5","error","2025-03-31 22:24:02"
"1141","5","5","success","2025-04-01 09:24:02"
"1142","3","5","success","2025-03-31 19:24:02"
"1143","4","5","success","2025-03-31 16:24:02"
"1144","3","5","success","2025-03-31 20:24:02"
"1145","3","6","success","2025-03-31 12:24:02"
"1146","5","6","success","2025-04-01 10:24:02"
"1147","3","6","success","2025-03-31 23:24:02"
"1148","1","6","success","2025-03-31 13:24:02"
"1149","1","6","success","2025-03-31 15:24:02"
"1150","4","6","success","2025-04-01 01:24:02"
"1151","2","6","success","2025-03-31 14:24:02"
"1152","1","6","success","2025-04-01 07:24:02"
"1153","3","7","success","2025-03-31 22:24:02"
"1154","1","7","success","2025-04-01 07:24:02"
"1155","1","7","success","2025-03-31 12:24:02"
"1156","5","7","success","2025-04-01 08:24:02"
"1157","2","7","success","2025-03-31 16:24:02"
"1158","3","7","success","2025-04-01 02:24:02"
"1159","3","8","success","2025-03-31 19:24:02"
"1160","4","8","success","2025-03-31 13:24:02"
"1161","4","8","success","2025-04-01 04:24:02"
"1162","NULL","8","success","2025-03-31 15:24:02"
"1163","6","8","success","2025-04-01 05:24:02"
"1164","3","8","success","2025-03-31 13:24:02"
"1165","NULL","8","success","2025-03-31 17:24:02"
"1166","NULL","8","success","2025-04-01 08:24:02"
"1167","NULL","8","success","2025-04-01 04:24:02"
"1168","NULL","1","success","2025-04-01 07:24:02"
"1169","NULL","1","success","2025-04-01 02:24:02"
"1170","NULL","1","success","2025-04-01 05:24:02"
"1171","NULL","1","success","2025-04-01 06:24:02"
"1172","NULL","1","success","2025-04-01 08:24:02"
"1173","1","2","success","2025-03-30 23:24:02"
"1174","3","2","success","2025-03-30 21:24:02"
"1175","6","2","success","2025-03-30 16:24:02"
"1176","3","2","success","2025-03-30 21:24:02"
"1177","6","2","success","2025-03-30 16:24:02"
"1178","3","2","success","2025-03-30 17:24:02"
"1179","1","2","success","2025-03-31 06:24:02"
"1180","5","2","success","2025-03-30 21:24:02"
"1181","5","2","success","2025-03-30 21:24:02"
"1182","4","3","success","2025-03-31 07:24:02"
"1183","5","3","success","2025-03-31 08:24:02"
"1184","3","3","success","2025-03-30 17:24:02"
"1185","2","3","success","2025-03-30 16:24:02"
"1186","3","3","success","2025-03-31 02:24:02"
"1187","6","3","success","2025-03-30 19:24:02"
"1188","1","3","success","2025-03-30 22:24:02"
"1189","2","3","success","2025-03-30 22:24:02"
"1190","5","3","success","2025-03-30 23:24:02"
"1191","4","4","success","2025-03-30 20:24:02"
"1192","1","4","success","2025-03-30 22:24:02"
"1193","1","4","success","2025-03-31 02:24:02"
"1194","2","4","success","2025-03-30 19:24:02"
"1195","1","4","success","2025-03-31 09:24:02"
"1196","5","4","success","2025-03-30 13:24:02"
"1197","NULL","5","error","2025-03-30 18:24:02"
"1198","NULL","5","error","2025-03-30 16:24:02"
"1199","NULL","5","error","2025-03-31 08:24:02"
"1200","4","5","success","2025-03-31 09:24:02"
"1201","NULL","5","error","2025-03-31 06:24:02"
"1202","1","6","success","2025-03-30 21:24:02"
"1203","6","6","success","2025-03-31 08:24:02"
"1204","1","6","success","2025-03-30 19:24:02"
"1205","5","6","success","2025-03-31 01:24:02"
"1206","5","6","success","2025-03-30 17:24:02"
"1207","6","6","success","2025-03-31 07:24:02"
"1208","3","6","success","2025-03-31 02:24:02"
"1209","1","6","success","2025-03-30 13:24:02"
"1210","2","7","success","2025-03-30 23:24:02"
"1211","5","7","success","2025-03-31 07:24:02"
"1212","3","7","success","2025-03-30 17:24:02"
"1213","1","7","success","2025-03-31 06:24:02"
"1214","5","7","success","2025-03-31 00:24:02"
"1215","3","7","success","2025-03-30 16:24:02"
"1216","2","8","success","2025-03-30 17:24:02"
"1217","NULL","8","success","2025-03-30 13:24:02"
"1218","NULL","8","success","2025-03-31 00:24:02"
"1219","5","8","success","2025-03-31 09:24:02"
"1220","NULL","8","success","2025-03-30 14:24:02"
"1221","NULL","8","success","2025-03-31 03:24:02"
"1222","NULL","8","success","2025-03-31 04:24:02"
"1223","NULL","8","success","2025-03-31 06:24:02"
"1224","NULL","8","success","2025-03-31 10:24:02"
"1225","NULL","1","success","2025-03-31 01:24:02"
"1226","NULL","1","success","2025-03-30 21:24:02"
"1227","NULL","1","success","2025-03-30 19:24:02"
"1228","NULL","1","success","2025-03-30 21:24:02"
"1229","NULL","1","success","2025-03-30 14:24:02"
"1230","NULL","1","success","2025-03-30 20:24:02"
"1231","3","2","success","2025-03-30 06:24:02"
"1232","5","2","success","2025-03-30 08:24:02"
"1233","3","2","success","2025-03-30 03:24:02"
"1234","1","2","success","2025-03-30 09:24:02"
"1235","5","2","success","2025-03-29 12:24:02"
"1236","6","2","success","2025-03-29 13:24:02"
"1237","6","2","success","2025-03-29 12:24:02"
"1238","5","3","success","2025-03-29 20:24:02"
"1239","3","3","success","2025-03-30 08:24:02"
"1240","3","3","success","2025-03-29 12:24:02"
"1241","2","3","success","2025-03-30 06:24:02"
"1242","4","3","success","2025-03-29 16:24:02"
"1243","3","3","success","2025-03-29 20:24:02"
"1244","5","3","success","2025-03-30 01:24:02"
"1245","6","4","success","2025-03-29 20:24:02"
"1246","2","4","success","2025-03-30 03:24:02"
"1247","6","4","success","2025-03-30 04:24:02"
"1248","5","4","success","2025-03-29 22:24:02"
"1249","1","4","success","2025-03-29 17:24:02"
"1250","6","4","success","2025-03-30 09:24:02"
"1251","6","4","success","2025-03-30 06:24:02"
"1252","3","4","success","2025-03-29 16:24:02"
"1253","NULL","5","error","2025-03-29 23:24:02"
"1254","NULL","5","error","2025-03-29 22:24:02"
"1255","5","5","success","2025-03-30 07:24:02"
"1256","4","5","success","2025-03-29 23:24:02"
"1257","1","5","success","2025-03-30 01:24:02"
"1258","3","6","success","2025-03-30 04:24:02"
"1259","2","6","success","2025-03-29 14:24:02"
"1260","5","6","success","2025-03-29 22:24:02"
"1261","1","6","success","2025-03-29 13:24:02"
"1262","1","6","success","2025-03-29 23:24:02"
"1263","2","6","success","2025-03-29 18:24:02"
"1264","6","6","success","2025-03-30 04:24:02"
"1265","6","6","success","2025-03-30 02:24:02"
"1266","2","6","success","2025-03-29 16:24:02"
"1267","6","7","success","2025-03-30 04:24:02"
"1268","1","7","success","2025-03-29 20:24:02"
"1269","4","7","success","2025-03-30 06:24:02"
"1270","3","7","success","2025-03-29 23:24:02"
"1271","2","7","success","2025-03-30 10:24:02"
"1272","1","7","success","2025-03-29 18:24:02"
"1273","3","7","success","2025-03-30 10:24:02"
"1274","6","8","success","2025-03-30 04:24:02"
"1275","NULL","8","success","2025-03-30 03:24:02"
"1276","4","8","success","2025-03-29 14:24:02"
"1277","5","8","success","2025-03-29 17:24:02"
"1278","NULL","8","success","2025-03-30 10:24:02"
"1279","NULL","8","success","2025-03-29 12:24:02"
"1280","NULL","8","success","2025-03-29 20:24:02"
"1281","6","8","success","2025-03-30 05:24:02"
"1282","NULL","1","success","2025-03-30 01:24:02"
"1283","NULL","1","success","2025-03-29 19:24:02"
"1284","NULL","1","success","2025-03-29 12:24:02"
"1285","NULL","1","success","2025-03-29 15:24:02"
"1286","NULL","1","success","2025-03-30 04:24:02"
"1287","3","2","success","2025-03-29 03:24:02"
"1288","2","2","success","2025-03-28 16:24:02"
"1289","2","2","success","2025-03-28 21:24:02"
"1290","4","2","success","2025-03-29 04:24:02"
"1291","5","2","success","2025-03-29 05:24:02"
"1292","3","3","success","2025-03-28 19:24:02"
"1293","3","3","success","2025-03-28 18:24:02"
"1294","2","3","success","2025-03-29 10:24:02"
"1295","3","3","success","2025-03-29 08:24:02"
"1296","3","3","success","2025-03-28 16:24:02"
"1297","6","3","success","2025-03-29 07:24:02"
"1298","5","3","success","2025-03-29 06:24:02"
"1299","1","4","success","2025-03-28 18:24:02"
"1300","2","4","success","2025-03-29 09:24:02"
"1301","2","4","success","2025-03-28 12:24:02"
"1302","5","4","success","2025-03-28 18:24:02"
"1303","3","4","success","2025-03-28 23:24:02"
"1304","NULL","5","error","2025-03-29 07:24:02"
"1305","NULL","5","error","2025-03-28 12:24:02"
"1306","3","5","success","2025-03-28 18:24:02"
"1307","5","5","success","2025-03-28 16:24:02"
"1308","5","5","success","2025-03-29 09:24:02"
"1309","6","6","success","2025-03-29 05:24:02"
"1310","1","6","success","2025-03-29 08:24:02"
"1311","3","6","success","2025-03-28 15:24:02"
"1312","5","6","success","2025-03-28 18:24:02"
"1313","1","6","success","2025-03-29 05:24:02"
"1314","4","6","success","2025-03-29 02:24:02"
"1315","1","7","success","2025-03-28 13:24:02"
"1316","3","7","success","2025-03-28 20:24:02"
"1317","6","7","success","2025-03-29 01:24:02"
"1318","1","7","success","2025-03-29 05:24:02"
"1319","4","7","success","2025-03-29 07:24:02"
"1320","3","7","success","2025-03-29 01:24:02"
"1321","5","7","success","2025-03-29 05:24:02"
"1322","2","8","success","2025-03-29 09:24:02"
"1323","1","8","success","2025-03-28 16:24:02"
"1324","1","8","success","2025-03-29 07:24:02"
"1325","NULL","8","success","2025-03-28 13:24:02"
"1326","NULL","8","success","2025-03-29 05:24:02"
"1327","6","8","success","2025-03-29 09:24:02"
"1328","6","8","success","2025-03-28 22:24:02"
"1329","4","8","success","2025-03-28 18:24:02"
"1330","NULL","1","success","2025-03-28 18:24:02"
"1331","NULL","1","success","2025-03-28 23:24:02"
"1332","NULL","1","success","2025-03-29 06:24:02"
"1333","NULL","1","success","2025-03-28 22:24:02"
"1334","NULL","1","success","2025-03-29 09:24:02"
"1335","NULL","1","success","2025-03-28 18:24:02"
"1336","4","2","success","2025-03-28 09:24:02"
"1337","6","2","success","2025-03-28 01:24:02"
"1338","3","2","success","2025-03-27 14:24:02"
"1339","3","2","success","2025-03-28 06:24:02"
"1340","5","2","success","2025-03-27 23:24:02"
"1341","2","2","success","2025-03-28 04:24:02"
"1342","6","2","success","2025-03-27 20:24:02"
"1343","2","2","success","2025-03-27 13:24:02"
"1344","6","3","success","2025-03-28 00:24:02"
"1345","1","3","success","2025-03-28 05:24:02"
"1346","4","3","success","2025-03-27 23:24:02"
"1347","6","3","success","2025-03-27 17:24:02"
"1348","3","3","success","2025-03-27 17:24:02"
"1349","6","3","success","2025-03-27 17:24:02"
"1350","2","3","success","2025-03-27 22:24:02"
"1351","4","3","success","2025-03-28 05:24:02"
"1352","6","4","success","2025-03-27 14:24:02"
"1353","1","4","success","2025-03-27 19:24:02"
"1354","3","4","success","2025-03-28 02:24:02"
"1355","1","4","success","2025-03-28 03:24:02"
"1356","1","4","success","2025-03-28 03:24:02"
"1357","NULL","5","error","2025-03-27 16:24:02"
"1358","NULL","5","error","2025-03-28 08:24:02"
"1359","3","5","success","2025-03-28 02:24:02"
"1360","NULL","5","error","2025-03-27 19:24:02"
"1361","5","5","success","2025-03-27 17:24:02"
"1362","4","6","success","2025-03-27 17:24:02"
"1363","4","6","success","2025-03-27 21:24:02"
"1364","2","6","success","2025-03-28 01:24:02"
"1365","3","6","success","2025-03-28 02:24:02"
"1366","5","6","success","2025-03-28 05:24:02"
"1367","5","6","success","2025-03-27 16:24:02"
"1368","1","6","success","2025-03-27 18:24:02"
"1369","4","6","success","2025-03-27 12:24:02"
"1370","3","6","success","2025-03-28 09:24:02"
"1371","5","7","success","2025-03-27 13:24:02"
"1372","2","7","success","2025-03-27 14:24:02"
"1373","6","7","success","2025-03-28 09:24:02"
"1374","2","7","success","2025-03-27 17:24:02"
"1375","3","7","success","2025-03-28 04:24:02"
"1376","2","7","success","2025-03-27 16:24:02"
"1377","2","7","success","2025-03-27 18:24:02"
"1378","2","8","success","2025-03-27 20:24:02"
"1379","NULL","8","success","2025-03-27 17:24:02"
"1380","NULL","8","success","2025-03-27 14:24:02"
"1381","4","8","success","2025-03-27 13:24:02"
"1382","1","8","success","2025-03-27 14:24:02"
"1383","3","8","success","2025-03-27 18:24:02"
"1384","NULL","8","success","2025-03-28 04:24:02"
"1385","4","8","success","2025-03-27 22:24:02"
"1386","1","8","success","2025-03-27 20:24:02"
"1387","NULL","1","success","2025-03-27 14:24:02"
"1388","NULL","1","success","2025-03-28 04:24:02"
"1389","NULL","1","success","2025-03-27 16:24:02"
"1390","NULL","1","success","2025-03-28 07:24:02"
"1391","NULL","1","success","2025-03-28 04:24:02"
"1392","NULL","1","success","2025-03-27 13:24:02"
"1393","5","2","success","2025-03-27 05:24:02"
"1394","6","2","success","2025-03-26 19:24:02"
"1395","6","2","success","2025-03-27 00:24:02"
"1396","1","2","success","2025-03-27 00:24:02"
"1397","5","2","success","2025-03-27 02:24:02"
"1398","4","3","success","2025-03-27 03:24:02"
"1399","6","3","success","2025-03-27 02:24:02"
"1400","2","3","success","2025-03-27 03:24:02"
"1401","3","3","success","2025-03-26 16:24:02"
"1402","5","3","success","2025-03-26 14:24:02"
"1403","2","3","success","2025-03-26 17:24:02"
"1404","4","4","success","2025-03-27 06:24:02"
"1405","4","4","success","2025-03-26 18:24:02"
"1406","6","4","success","2025-03-26 19:24:02"
"1407","1","4","success","2025-03-27 03:24:02"
"1408","1","4","success","2025-03-27 09:24:02"
"1409","5","4","success","2025-03-26 12:24:02"
"1410","NULL","5","error","2025-03-27 10:24:02"
"1411","NULL","5","error","2025-03-26 23:24:02"
"1412","2","5","success","2025-03-26 19:24:02"
"1413","NULL","5","error","2025-03-26 21:24:02"
"1414","4","5","success","2025-03-27 05:24:02"
"1415","2","5","success","2025-03-27 09:24:02"
"1416","4","5","success","2025-03-27 09:24:02"
"1417","NULL","5","error","2025-03-26 17:24:02"
"1418","3","5","success","2025-03-27 01:24:02"
"1419","3","6","success","2025-03-26 11:24:02"
"1420","6","6","success","2025-03-26 16:24:02"
"1421","4","6","success","2025-03-26 15:24:02"
"1422","1","6","success","2025-03-27 10:24:02"
"1423","4","6","success","2025-03-26 16:24:02"
"1424","1","6","success","2025-03-26 13:24:02"
"1425","1","6","success","2025-03-27 08:24:02"
"1426","3","6","success","2025-03-27 00:24:02"
"1427","2","7","success","2025-03-26 20:24:02"
"1428","1","7","success","2025-03-26 14:24:02"
"1429","4","7","success","2025-03-26 16:24:02"
"1430","3","7","success","2025-03-27 01:24:02"
"1431","5","7","success","2025-03-27 04:24:02"
"1432","4","7","success","2025-03-27 03:24:02"
"1433","5","8","success","2025-03-26 12:24:02"
"1434","NULL","8","success","2025-03-26 21:24:02"
"1435","2","8","success","2025-03-27 00:24:02"
"1436","NULL","8","success","2025-03-27 02:24:02"
"1437","5","8","success","2025-03-26 16:24:02"
"1438","6","8","success","2025-03-27 00:24:02"
"1439","6","8","success","2025-03-27 01:24:02"
"1440","NULL","8","success","2025-03-26 20:24:02"
"1441","NULL","1","success","2025-03-27 03:24:02"
"1442","NULL","1","success","2025-03-27 06:24:02"
"1443","NULL","1","success","2025-03-27 08:24:02"
"1444","NULL","1","success","2025-03-26 16:24:02"
"1445","NULL","1","success","2025-03-26 18:24:02"
"1446","NULL","1","success","2025-03-27 07:24:02"
"1447","2","2","success","2025-03-25 20:24:02"
"1448","1","2","success","2025-03-25 13:24:02"
"1449","2","2","success","2025-03-25 12:24:02"
"1450","3","2","success","2025-03-25 11:24:02"
"1451","5","2","success","2025-03-26 08:24:02"
"1452","1","2","success","2025-03-26 09:24:02"
"1453","2","3","success","2025-03-26 06:24:02"
"1454","3","3","success","2025-03-26 06:24:02"
"1455","5","3","success","2025-03-25 19:24:02"
"1456","3","3","success","2025-03-25 14:24:02"
"1457","2","3","success","2025-03-25 12:24:02"
"1458","2","3","success","2025-03-26 00:24:02"
"1459","5","3","success","2025-03-25 21:24:02"
"1460","6","4","success","2025-03-26 02:24:02"
"1461","4","4","success","2025-03-25 12:24:02"
"1462","3","4","success","2025-03-26 05:24:02"
"1463","5","4","success","2025-03-25 13:24:02"
"1464","3","4","success","2025-03-25 15:24:02"
"1465","2","4","success","2025-03-26 09:24:02"
"1466","6","4","success","2025-03-26 08:24:02"
"1467","4","4","success","2025-03-26 01:24:02"
"1468","NULL","5","error","2025-03-25 17:24:02"
"1469","NULL","5","error","2025-03-25 17:24:02"
"1470","4","5","success","2025-03-25 19:24:02"
"1471","NULL","5","error","2025-03-26 06:24:02"
"1472","1","5","success","2025-03-25 15:24:02"
"1473","4","6","success","2025-03-25 19:24:02"
"1474","1","6","success","2025-03-26 02:24:02"
"1475","5","6","success","2025-03-25 14:24:02"
"1476","2","6","success","2025-03-25 23:24:02"
"1477","1","6","success","2025-03-26 08:24:02"
"1478","3","6","success","2025-03-26 09:24:02"
"1479","5","6","success","2025-03-26 06:24:02"
"1480","2","7","success","2025-03-25 13:24:02"
"1481","6","7","success","2025-03-25 13:24:02"
"1482","6","7","success","2025-03-25 17:24:02"
"1483","4","7","success","2025-03-26 04:24:02"
"1484","2","7","success","2025-03-25 16:24:02"
"1485","2","7","success","2025-03-25 22:24:02"
"1486","4","7","success","2025-03-26 07:24:02"
"1487","2","7","success","2025-03-26 10:24:02"
"1488","1","7","success","2025-03-25 16:24:02"
"1489","NULL","8","success","2025-03-26 03:24:02"
"1490","NULL","8","success","2025-03-26 05:24:02"
"1491","NULL","8","success","2025-03-26 00:24:03"
"1492","6","8","success","2025-03-25 18:24:03"
"1493","6","8","success","2025-03-25 23:24:03"
"1494","2","8","success","2025-03-26 03:24:03"
"1495","2","8","success","2025-03-26 07:24:03"
"1496","NULL","8","success","2025-03-25 19:24:03"
"1497","1","8","success","2025-03-26 06:24:03"
"1498","NULL","1","success","2025-03-26 03:24:03"
"1499","NULL","1","success","2025-03-26 01:24:03"
"1500","NULL","1","success","2025-03-26 09:24:03"
"1501","NULL","1","success","2025-03-26 08:24:03"
"1502","NULL","1","success","2025-03-26 03:24:03"
"1503","NULL","1","success","2025-03-26 02:24:03"
"1504","4","2","success","2025-03-24 15:24:03"
"1505","1","2","success","2025-03-25 03:24:03"
"1506","2","2","success","2025-03-24 23:24:03"
"1507","4","2","success","2025-03-24 22:24:03"
"1508","4","2","success","2025-03-25 04:24:03"
"1509","5","2","success","2025-03-24 20:24:03"
"1510","2","3","success","2025-03-25 00:24:03"
"1511","6","3","success","2025-03-24 19:24:03"
"1512","5","3","success","2025-03-24 19:24:03"
"1513","5","3","success","2025-03-25 02:24:03"
"1514","1","3","success","2025-03-24 20:24:03"
"1515","4","3","success","2025-03-24 15:24:03"
"1516","6","3","success","2025-03-24 13:24:03"
"1517","4","3","success","2025-03-24 12:24:03"
"1518","2","3","success","2025-03-24 11:24:03"
"1519","6","4","success","2025-03-24 20:24:03"
"1520","2","4","success","2025-03-24 13:24:03"
"1521","4","4","success","2025-03-25 05:24:03"
"1522","2","4","success","2025-03-25 01:24:03"
"1523","3","4","success","2025-03-25 09:24:03"
"1524","6","4","success","2025-03-24 17:24:03"
"1525","NULL","5","error","2025-03-24 19:24:03"
"1526","NULL","5","error","2025-03-24 18:24:03"
"1527","1","5","success","2025-03-24 16:24:03"
"1528","6","5","success","2025-03-25 07:24:03"
"1529","3","5","success","2025-03-24 15:24:03"
"1530","4","5","success","2025-03-25 05:24:03"
"1531","4","5","success","2025-03-24 22:24:03"
"1532","1","5","success","2025-03-24 23:24:03"
"1533","3","5","success","2025-03-25 07:24:03"
"1534","1","6","success","2025-03-24 13:24:03"
"1535","1","6","success","2025-03-24 20:24:03"
"1536","3","6","success","2025-03-24 16:24:03"
"1537","5","6","success","2025-03-24 15:24:03"
"1538","4","6","success","2025-03-24 23:24:03"
"1539","6","7","success","2025-03-24 18:24:03"
"1540","6","7","success","2025-03-24 11:24:03"
"1541","1","7","success","2025-03-24 18:24:03"
"1542","3","7","success","2025-03-25 08:24:03"
"1543","3","7","success","2025-03-24 20:24:03"
"1544","4","7","success","2025-03-24 12:24:03"
"1545","3","7","success","2025-03-25 05:24:03"
"1546","4","7","success","2025-03-25 08:24:03"
"1547","NULL","8","success","2025-03-24 18:24:03"
"1548","6","8","success","2025-03-25 03:24:03"
"1549","3","8","success","2025-03-25 03:24:03"
"1550","NULL","8","success","2025-03-24 12:24:03"
"1551","3","8","success","2025-03-25 02:24:03"
"1552","2","8","success","2025-03-25 08:24:03"
"1553","5","8","success","2025-03-25 01:24:03"
"1554","NULL","1","success","2025-03-24 22:24:03"
"1555","NULL","1","success","2025-03-25 07:24:03"
"1556","NULL","1","success","2025-03-25 08:24:03"
"1557","NULL","1","success","2025-03-25 06:24:03"
"1558","NULL","1","success","2025-03-24 23:24:03"
"1559","NULL","1","success","2025-03-24 11:24:03"
"1560","NULL","1","success","2025-03-25 00:24:03"
"1561","2","2","success","2025-03-23 14:24:03"
"1562","5","2","success","2025-03-23 18:24:03"
"1563","2","2","success","2025-03-23 22:24:03"
"1564","4","2","success","2025-03-23 19:24:03"
"1565","1","2","success","2025-03-23 16:24:03"
"1566","6","2","success","2025-03-23 17:24:03"
"1567","3","2","success","2025-03-23 17:24:03"
"1568","1","2","success","2025-03-23 22:24:03"
"1569","2","2","success","2025-03-23 14:24:03"
"1570","5","3","success","2025-03-24 03:24:03"
"1571","2","3","success","2025-03-23 20:24:03"
"1572","1","3","success","2025-03-23 17:24:03"
"1573","6","3","success","2025-03-23 15:24:03"
"1574","6","3","success","2025-03-23 16:24:03"
"1575","2","3","success","2025-03-23 17:24:03"
"1576","5","3","success","2025-03-24 06:24:03"
"1577","1","3","success","2025-03-24 06:24:03"
"1578","2","4","success","2025-03-23 13:24:03"
"1579","5","4","success","2025-03-24 07:24:03"
"1580","6","4","success","2025-03-23 15:24:03"
"1581","1","4","success","2025-03-24 04:24:03"
"1582","3","4","success","2025-03-23 15:24:03"
"1583","3","4","success","2025-03-24 04:24:03"
"1584","2","4","success","2025-03-23 20:24:03"
"1585","1","4","success","2025-03-23 12:24:03"
"1586","6","4","success","2025-03-24 07:24:03"
"1587","NULL","5","error","2025-03-24 01:24:03"
"1588","NULL","5","error","2025-03-24 05:24:03"
"1589","4","5","success","2025-03-24 08:24:03"
"1590","5","5","success","2025-03-23 19:24:03"
"1591","NULL","5","error","2025-03-24 09:24:03"
"1592","NULL","5","error","2025-03-23 11:24:03"
"1593","5","5","success","2025-03-24 08:24:03"
"1594","3","6","success","2025-03-24 08:24:03"
"1595","2","6","success","2025-03-24 05:24:03"
"1596","1","6","success","2025-03-24 06:24:03"
"1597","6","6","success","2025-03-23 15:24:03"
"1598","1","6","success","2025-03-23 15:24:03"
"1599","3","6","success","2025-03-24 03:24:03"
"1600","1","6","success","2025-03-23 23:24:03"
"1601","4","7","success","2025-03-23 17:24:03"
"1602","4","7","success","2025-03-23 15:24:03"
"1603","1","7","success","2025-03-23 16:24:03"
"1604","4","7","success","2025-03-23 21:24:03"
"1605","2","7","success","2025-03-23 16:24:03"
"1606","1","7","success","2025-03-23 15:24:03"
"1607","NULL","8","success","2025-03-23 15:24:03"
"1608","6","8","success","2025-03-24 05:24:03"
"1609","NULL","8","success","2025-03-24 07:24:03"
"1610","1","8","success","2025-03-23 13:24:03"
"1611","NULL","8","success","2025-03-24 05:24:03"
"1612","2","8","success","2025-03-23 16:24:03"
"1613","NULL","1","success","2025-03-24 01:24:03"
"1614","NULL","1","success","2025-03-24 03:24:03"
"1615","NULL","1","success","2025-03-24 04:24:03"
"1616","NULL","1","success","2025-03-24 01:24:03"
"1617","NULL","1","success","2025-03-24 04:24:03"
"1618","NULL","1","success","2025-03-24 09:24:03"
"1619","1","2","success","2025-03-23 02:24:03"
"1620","6","2","success","2025-03-22 11:24:03"
"1621","1","2","success","2025-03-22 18:24:03"
"1622","2","2","success","2025-03-23 00:24:03"
"1623","6","2","success","2025-03-23 02:24:03"
"1624","5","2","success","2025-03-23 02:24:03"
"1625","1","2","success","2025-03-22 20:24:03"
"1626","5","2","success","2025-03-22 17:24:03"
"1627","5","3","success","2025-03-23 06:24:03"
"1628","6","3","success","2025-03-23 05:24:03"
"1629","3","3","success","2025-03-23 00:24:03"
"1630","4","3","success","2025-03-22 19:24:03"
"1631","6","3","success","2025-03-23 05:24:03"
"1632","1","3","success","2025-03-23 09:24:03"
"1633","6","4","success","2025-03-22 17:24:03"
"1634","2","4","success","2025-03-22 21:24:03"
"1635","3","4","success","2025-03-22 12:24:03"
"1636","5","4","success","2025-03-22 11:24:03"
"1637","4","4","success","2025-03-23 06:24:03"
"1638","3","4","success","2025-03-22 18:24:03"
"1639","4","4","success","2025-03-23 04:24:03"
"1640","NULL","5","error","2025-03-22 19:24:03"
"1641","NULL","5","error","2025-03-22 21:24:03"
"1642","NULL","5","error","2025-03-23 07:24:03"
"1643","1","5","success","2025-03-22 19:24:03"
"1644","5","5","success","2025-03-22 17:24:03"
"1645","3","6","success","2025-03-22 21:24:03"
"1646","6","6","success","2025-03-23 03:24:03"
"1647","4","6","success","2025-03-22 21:24:03"
"1648","4","6","success","2025-03-23 09:24:03"
"1649","5","6","success","2025-03-22 12:24:03"
"1650","6","6","success","2025-03-22 14:24:03"
"1651","1","6","success","2025-03-22 12:24:03"
"1652","6","6","success","2025-03-23 01:24:03"
"1653","2","6","success","2025-03-23 01:24:03"
"1654","1","7","success","2025-03-22 13:24:03"
"1655","6","7","success","2025-03-23 04:24:03"
"1656","4","7","success","2025-03-22 11:24:03"
"1657","1","7","success","2025-03-23 00:24:03"
"1658","4","7","success","2025-03-23 10:24:03"
"1659","2","7","success","2025-03-23 00:24:03"
"1660","NULL","8","success","2025-03-22 16:24:03"
"1661","NULL","8","success","2025-03-22 22:24:03"
"1662","NULL","8","success","2025-03-23 00:24:03"
"1663","1","8","success","2025-03-22 22:24:03"
"1664","NULL","8","success","2025-03-22 19:24:03"
"1665","6","8","success","2025-03-23 02:24:03"
"1666","4","8","success","2025-03-22 13:24:03"
"1667","NULL","8","success","2025-03-23 03:24:03"
"1668","NULL","8","success","2025-03-23 04:24:03"
"1669","NULL","1","success","2025-03-22 13:24:03"
"1670","NULL","1","success","2025-03-22 20:24:03"
"1671","NULL","1","success","2025-03-23 03:24:03"
"1672","NULL","1","success","2025-03-22 17:24:03"
"1673","NULL","1","success","2025-03-22 15:24:03"
"1674","NULL","1","success","2025-03-22 16:24:03"
"1675","NULL","1","success","2025-03-23 00:24:03"
